"true","restored","edge_type"
"['10.1002/hlca.200890147', 'Apore/GO']","['10.1002/hlca.200890147', ['Apore ,GO']]","doi_collectionSite"
"['10.1002/jobm.200800093', 'Ribeirao Preto/SP, Nigrospora sphaerica']","['10.1002/jobm.200800093', ['Ribeirao Preto ,SP']]","doi_collectionSite"
"['10.1002/jobm.200800093', 'Ribeirao Preto/SP']","['10.1002/jobm.200800093', ['Ribeirao Preto ,SP']]","doi_collectionSite"
"['10.1002/ps.1278', 'Pocos De Caldas/MG']","['10.1002/ps.1278', ['Pocos De Caldas ,MG']]","doi_collectionSite"
"['10.1002/ps.478', 'Rio Claro/SP']","['10.1002/ps.478', ['Rio Claro ,SP']]","doi_collectionSite"
"['10.1002/ptr.1249', 'Ribeirao Preto/SP']","['10.1002/ptr.1249', ['Ribeirao Preto ,SP']]","doi_collectionSite"
"['10.1007/s10295-012-1165-2', 'N/A/MS']","['10.1007/s10295-012-1165-2', ['Ribeirao Preto ,SP', 'Mato Grosso ,PB']]","doi_collectionSite"
"['10.1016/0031-9422(81)80027-1', 'Rio De Janeiro/RJ']","['10.1016/0031-9422(81)80027-1', ['Rio De Janeiro ,RJ']]","doi_collectionSite"
"['10.1016/0031-9422(90)80024-B', 'N/A/MG']","['10.1016/0031-9422(90)80024-B', ['Brasilandia De Minas ,MG']]","doi_collectionSite"
"['10.1016/0040-4020(95)00254-6', 'Sao Paulo/SP']","['10.1016/0040-4020(95)00254-6', ['Sao Paulo ,SP']]","doi_collectionSite"
"['10.1016/S0031-9422(00)00225-9', 'Mogi Guacu/SP']","['10.1016/S0031-9422(00)00225-9', ['Campestre ,MG']]","doi_collectionSite"
"['10.1016/S0031-9422(00)00226-0', 'Teodoro Sampaio/SP']","['10.1016/S0031-9422(00)00226-0', ['Teodoro Sampaio ,SP', 'Manaus ,AM']]","doi_collectionSite"
"['10.1016/S0031-9422(00)00226-0', 'Manaus/AM']","['10.1016/S0031-9422(00)00226-0', ['Teodoro Sampaio ,SP', 'Manaus ,AM']]","doi_collectionSite"
"['10.1016/S0031-9422(00)00477-5', 'Belem/PA']","['10.1016/S0031-9422(00)00477-5', ['Piracanjuba ,GO']]","doi_collectionSite"
"['10.1016/S0031-9422(01)00079-6', 'Sao Paulo/SP']","['10.1016/S0031-9422(01)00079-6', ['Sao Paulo ,SP']]","doi_collectionSite"
"['10.1016/S0031-9422(01)00431-9', 'Manaus/AM']","['10.1016/S0031-9422(01)00431-9', ['Araraquara ,SP', 'Araraquara ,SP', 'Manaus ,AM']]","doi_collectionSite"
"['10.1016/S0031-9422(01)00431-9', 'Araraquara/SP']","['10.1016/S0031-9422(01)00431-9', ['Araraquara ,SP', 'Araraquara ,SP', 'Manaus ,AM']]","doi_collectionSite"
"['10.1016/S0031-9422(03)00153-5', 'Manaus/AM']","['10.1016/S0031-9422(03)00153-5', ['Manaus ,AM']]","doi_collectionSite"
"['10.1016/S0031-9422(97)00238-0', 'Mogi Guacu/SP']","['10.1016/S0031-9422(97)00238-0', ['Mogi Guacu ,SP']]","doi_collectionSite"
"['10.1016/S0031-9422(98)00069-7', 'Corumba/MS']","['10.1016/S0031-9422(98)00069-7', ['Corumba ,MS']]","doi_collectionSite"
"['10.1016/S0031-9422(98)00249-0', 'Mogi Guacu/SP']","['10.1016/S0031-9422(98)00249-0', ['Sao Paulo ,SP']]","doi_collectionSite"
"['10.1016/S0031-9422(99)00132-6', 'Ibate/SP']","['10.1016/S0031-9422(99)00132-6', ['Itapeva ,SP']]","doi_collectionSite"
"['10.1016/j.biortech.2010.01.041', 'Araraquara/SP']","['10.1016/j.biortech.2010.01.041', ['Araraquara ,SP']]","doi_collectionSite"
"['10.1016/j.bmc.2010.12.056', 'Campinas/SP']","['10.1016/j.bmc.2010.12.056', []]","doi_collectionSite"
"['10.1016/j.bse.2006.06.007', 'N/A/SP']","['10.1016/j.bse.2006.06.007', ['Araraquara ,SP']]","doi_collectionSite"
"['10.1016/j.cbi.2010.08.008', 'Sao Miguel Arcanjo/SP']","['10.1016/j.cbi.2010.08.008', ['Sao Miguel Arcanjo ,SP']]","doi_collectionSite"
"['10.1016/j.chroma.2009.02.009', 'Itacoatiara/AM']","['10.1016/j.chroma.2009.02.009', ['Floresta Do Araguaia ,PA']]","doi_collectionSite"
"['10.1016/j.jep.2007.09.020', 'Pocos De Caldas/MG']","['10.1016/j.jep.2007.09.020', ['Pocos De Caldas ,MG']]","doi_collectionSite"
"['10.1016/j.jfca.2003.09.013', 'N/A/SP']","['10.1016/j.jfca.2003.09.013', []]","doi_collectionSite"
"['10.1016/j.jpba.2012.08.028', 'Sao Paulo/SP']","['10.1016/j.jpba.2012.08.028', []]","doi_collectionSite"
"['10.1016/j.jphotobiol.2013.01.006', 'N/A/ES']","['10.1016/j.jphotobiol.2013.01.006', ['Brasilandia Do Sul ,PR']]","doi_collectionSite"
"['10.1016/j.jphotobiol.2013.01.006', 'Sao Paulo/SP']","['10.1016/j.jphotobiol.2013.01.006', ['Brasilandia Do Sul ,PR']]","doi_collectionSite"
"['10.1016/j.phytochem.2004.03.039', 'Goiania/GO']","['10.1016/j.phytochem.2004.03.039', ['Goiania ,GO']]","doi_collectionSite"
"['10.1016/j.phytochem.2005.06.019', 'Mogi Guacu/SP']","['10.1016/j.phytochem.2005.06.019', ['Mogi Guacu ,SP']]","doi_collectionSite"
"['10.1016/j.phytochem.2006.06.004', 'Araraquara/SP']","['10.1016/j.phytochem.2006.06.004', ['Araraquara ,SP']]","doi_collectionSite"
"['10.1016/j.phytochem.2006.09.005', 'Araraquara/SP']","['10.1016/j.phytochem.2006.09.005', ['Guaracai ,SP']]","doi_collectionSite"
"['10.1016/j.phytochem.2007.08.012', 'Ibate/SP']","['10.1016/j.phytochem.2007.08.012', ['Ibate ,SP']]","doi_collectionSite"
"['10.1016/j.phytochem.2009.08.013', 'Sao Sebastiao Do Passe/BA']","['10.1016/j.phytochem.2009.08.013', ['Sao Sebastiao Do Passe ,BA']]","doi_collectionSite"
"['10.1016/j.phytol.2010.11.003', 'Mogi Guacu/SP']","['10.1016/j.phytol.2010.11.003', ['Mogi Guacu ,SP']]","doi_collectionSite"
"['10.1016/j.tiv.2008.01.003', 'Ribeirao Preto/SP']","['10.1016/j.tiv.2008.01.003', ['Ilicinea ,MG']]","doi_collectionSite"
"['10.1021/cc100076k', 'Pocos De Caldas/MG']","['10.1021/cc100076k', []]","doi_collectionSite"
"['10.1021/jf063451x', 'Belem/PA']","['10.1021/jf063451x', ['Reserva Do Cabacal ,MT']]","doi_collectionSite"
"['10.1021/jf60217a066', 'Igarape-acu/PA']","['10.1021/jf60217a066', ['Guaraciaba Do Norte ,CE']]","doi_collectionSite"
"['10.1021/np0103970', 'Ibirama/SC']","['10.1021/np0103970', ['Itajai ,SC']]","doi_collectionSite"
"['10.1021/np030100t', 'Mogi Guacu/SP']","['10.1021/np030100t', ['Campestre ,MG']]","doi_collectionSite"
"['10.1021/np0303963', 'Sao Paulo/SP']","['10.1021/np0303963', ['Jardinopolis ,SP']]","doi_collectionSite"
"['10.1021/np030530j', 'Ibate/SP']","['10.1021/np030530j', ['Campinas ,SP', 'Itapeva ,SP', 'Manaus ,AM']]","doi_collectionSite"
"['10.1021/np030530j', 'Manaus/AM']","['10.1021/np030530j', ['Campinas ,SP', 'Itapeva ,SP', 'Manaus ,AM']]","doi_collectionSite"
"['10.1021/np030530j', 'Sao Paulo/SP']","['10.1021/np030530j', ['Campinas ,SP', 'Itapeva ,SP', 'Manaus ,AM']]","doi_collectionSite"
"['10.1021/np049863m', 'Belem/PA']","['10.1021/np049863m', ['Belem ,PB']]","doi_collectionSite"
"['10.1021/np060254j', 'Rifaina/SP']","['10.1021/np060254j', ['Rifaina ,SP']]","doi_collectionSite"
"['10.1021/np070312g', 'Araraquara/SP']","['10.1021/np070312g', ['Araraquara ,SP']]","doi_collectionSite"
"['10.1021/np1007476', 'Belem/PA']","['10.1021/np1007476', ['Bela Vista Do Paraiso ,PR']]","doi_collectionSite"
"['10.1021/np100840w', 'Campinas/SP']","['10.1021/np100840w', ['Campinas ,SP']]","doi_collectionSite"
"['10.1021/np4006822', 'N/A/PE']","['10.1021/np4006822', ['Recife ,PE']]","doi_collectionSite"
"['10.1021/np500453x', 'Campinas/SP']","['10.1021/np500453x', ['Campinas ,SP']]","doi_collectionSite"
"['10.1021/np50086a012', 'N/A/MG']","['10.1021/np50086a012', ['Brasilandia De Minas ,MG']]","doi_collectionSite"
"['10.1021/np800106x', 'Recife/PE']","['10.1021/np800106x', ['Varzea ,PB']]","doi_collectionSite"
"['10.1021/np9004079', 'Campinas/SP']","['10.1021/np9004079', ['Campinas ,SP']]","doi_collectionSite"
"['10.1021/np900644x', 'Araraquara/SP']","['10.1021/np900644x', ['Araraquara ,SP']]","doi_collectionSite"
"['10.1021/np9703656', 'Teodoro Sampaio/SP']","['10.1021/np9703656', ['Teodoro Sampaio ,SP']]","doi_collectionSite"
"['10.1021/np9704617', 'Mogi Guacu/SP']","['10.1021/np9704617', ['Campestre ,MG']]","doi_collectionSite"
"['10.1055/s-0028-1088323', 'Sao Carlos/SP']","['10.1055/s-0028-1088323', ['Sao Carlos ,SP']]","doi_collectionSite"
"['10.1055/s-0029-1185364', 'Pocos De Caldas/MG']","['10.1055/s-0029-1185364', ['Pocos De Caldas ,MG']]","doi_collectionSite"
"['10.1055/s-0034-1368301', 'Ribeirao Preto/SP']","['10.1055/s-0034-1368301', []]","doi_collectionSite"
"['10.1080/14786410412331271979', 'Mogi Guacu/SP']","['10.1080/14786410412331271979', ['Campestre ,MG']]","doi_collectionSite"
"['10.1080/14786410600907002', 'Campinas/SP']","['10.1080/14786410600907002', ['Campinas ,SP']]","doi_collectionSite"
"['10.1080/14786410903335232', 'Mogi Guacu/SP']","['10.1080/14786410903335232', ['Mogi Guacu ,SP']]","doi_collectionSite"
"['10.1080/14786419.2011.647020', 'N/A/MG']","['10.1080/14786419.2011.647020', ['Brasilandia De Minas ,MG']]","doi_collectionSite"
"['10.1093/mutage/gep034', 'Sao Miguel Arcanjo/SP']","['10.1093/mutage/gep034', ['Sao Miguel Arcanjo ,SP']]","doi_collectionSite"
"['10.1107/S1600536803019913', 'Manaus/AM']","['10.1107/S1600536803019913', ['Manaus ,AM']]","doi_collectionSite"
"['10.1107/S160053680302107X', 'Manaus/AM']","['10.1107/S160053680302107X', ['Manaus ,AM']]","doi_collectionSite"
"['10.1155/2013/835081', 'Rio Claro/SP']","['10.1155/2013/835081', ['Arantina ,MG']]","doi_collectionSite"
"['10.1248/bpb.31.538', 'Araraquara/SP']","['10.1248/bpb.31.538', ['Araraquara ,SP']]","doi_collectionSite"
"['10.1248/cpb.56.723', 'Sao Paulo/SP']","['10.1248/cpb.56.723', ['Jardinopolis ,SP']]","doi_collectionSite"
"['10.1515/znb-2005-0715', 'Murici/AL']","['10.1515/znb-2005-0715', ['Poco Das Antas ,RS']]","doi_collectionSite"
"['10.1515/znc-2002-5-602', 'Londrina/PR']","['10.1515/znc-2002-5-602', ['Brasilandia Do Sul ,PR']]","doi_collectionSite"
"['10.1515/znc-2002-5-602', 'Cuiaba/MT']","['10.1515/znc-2002-5-602', ['Brasilandia Do Sul ,PR']]","doi_collectionSite"
"['10.1515/znc-2011-5-607', 'Sao Paulo/SP']","['10.1515/znc-2011-5-607', ['Uberaba ,MG', 'Ararica ,RS']]","doi_collectionSite"
"['10.1590/S0073-47212009000100009', 'Sao Carlos/SP']","['10.1590/S0073-47212009000100009', []]","doi_collectionSite"
"['10.1590/S0100-40421998000600005', 'Santarem/PA']","['10.1590/S0100-40421998000600005', ['Santarem ,PA']]","doi_collectionSite"
"['10.1590/S0100-40422002000300002', 'Mogi Guacu/SP']","['10.1590/S0100-40422002000300002', ['Mogi Guacu ,SP']]","doi_collectionSite"
"['10.1590/S0100-40422004000200005', 'Cunha/SP']","['10.1590/S0100-40422004000200005', ['Cunha ,SP']]","doi_collectionSite"
"['10.1590/S0100-40422005000400009', 'Itirapina/SP']","['10.1590/S0100-40422005000400009', ['Itirapua ,SP']]","doi_collectionSite"
"['10.1590/S0100-40422008000400005', 'Pirenopolis/GO']","['10.1590/S0100-40422008000400005', []]","doi_collectionSite"
"['10.1590/S0100-40422008000400005', 'Itacoatiara/AM']","['10.1590/S0100-40422008000400005', []]","doi_collectionSite"
"['10.1590/S0100-40422008000400005', 'Manaus/AM']","['10.1590/S0100-40422008000400005', []]","doi_collectionSite"
"['10.1590/S0100-40422008000400018', 'Sao Paulo/SP']","['10.1590/S0100-40422008000400018', ['Sao Paulo ,SP']]","doi_collectionSite"
"['10.1590/S0100-40422008000400023', 'Iguape/SP']","['10.1590/S0100-40422008000400023', ['Iguape ,SP']]","doi_collectionSite"
"['10.1590/S0100-40422009000600037', 'Piracicaba/SP']","['10.1590/S0100-40422009000600037', ['Piracicaba ,SP']]","doi_collectionSite"
"['10.1590/S0100-40422010000900005', 'Piracicaba/SP']","['10.1590/S0100-40422010000900005', ['Piracicaba ,SP']]","doi_collectionSite"
"['10.1590/S0100-40422012000700020', 'Itaituba/PA']","['10.1590/S0100-40422012000700020', ['Divinopolis De Goias ,GO']]","doi_collectionSite"
"['10.1590/S0100-46702007000300002', 'Ribeirao Preto/SP']","['10.1590/S0100-46702007000300002', ['Ribeirao Preto ,SP']]","doi_collectionSite"
"['10.1590/S0102-695X2007000300003', 'Peruibe/SP']","['10.1590/S0102-695X2007000300003', ['Sao Paulo ,SP']]","doi_collectionSite"
"['10.1590/S0102-695X2008000200010', 'Lavras/MG']","['10.1590/S0102-695X2008000200010', ['Lavras ,MG']]","doi_collectionSite"
"['10.1590/S0102-695X2009000100002', 'Campinas/SP']","['10.1590/S0102-695X2009000100002', ['Brasilandia De Minas ,MG']]","doi_collectionSite"
"['10.1590/S0102-695X2010005000017', 'Sao Paulo/SP']","['10.1590/S0102-695X2010005000017', ['Jardinopolis ,SP']]","doi_collectionSite"
"['10.1590/S0102-695X2012005000106', 'Ribeirao Preto/SP']","['10.1590/S0102-695X2012005000106', []]","doi_collectionSite"
"['10.1590/S0103-50532002000100010', 'Ibirama/SC']","['10.1590/S0103-50532002000100010', ['Ibirama ,SC']]","doi_collectionSite"
"['10.1590/S0103-50532003000300007', 'Urucuca/BA']","['10.1590/S0103-50532003000300007', ['Pirai Do Norte ,BA', 'Brasilandia Do Sul ,PR']]","doi_collectionSite"
"['10.1590/S0103-50532003000500012', 'Belem/PA']","['10.1590/S0103-50532003000500012', ['Brasil Novo ,PA']]","doi_collectionSite"
"['10.1590/S0103-50532005000300018', 'Chapada Dos Guimaraes/MT']","['10.1590/S0103-50532005000300018', ['Espirito Santo ,RN']]","doi_collectionSite"
"['10.1590/S0103-50532005000400031', 'Londrina/PR']","['10.1590/S0103-50532005000400031', ['Brasilandia Do Sul ,PR']]","doi_collectionSite"
"['10.1590/S0103-50532005000800008', 'Belem/PA']","['10.1590/S0103-50532005000800008', ['Belem ,PB']]","doi_collectionSite"
"['10.1590/S0103-50532005000800018', 'Araraquara/SP']","['10.1590/S0103-50532005000800018', ['Campinas ,SP']]","doi_collectionSite"
"['10.1590/S0103-50532005000800025', 'Ibirama/SC']","['10.1590/S0103-50532005000800025', ['Ibirama ,SC']]","doi_collectionSite"
"['10.1590/S0103-50532005000800026', 'N/A/MS']","['10.1590/S0103-50532005000800026', ['Brasilandia ,MS']]","doi_collectionSite"
"['10.1590/S0103-50532005000800029', 'Maues/AM']","['10.1590/S0103-50532005000800029', ['Araraquara ,SP']]","doi_collectionSite"
"['10.1590/S0103-50532006000300017', 'N/A/SP, Cedrela fissilis']","['10.1590/S0103-50532006000300017', ['Sao Carlos ,SP', 'Belem ,PA']]","doi_collectionSite"
"['10.1590/S0103-50532007000700017', 'Mogi Guacu/SP']","['10.1590/S0103-50532007000700017', ['Mogi Guacu ,SP']]","doi_collectionSite"
"['10.1590/S0103-50532009000100029', 'Sao Carlos/SP']","['10.1590/S0103-50532009000100029', []]","doi_collectionSite"
"['10.1590/S0103-50532009000400008', 'Campinas/SP']","['10.1590/S0103-50532009000400008', ['Campinas ,SP']]","doi_collectionSite"
"['10.1590/S0103-50532010000500016', 'Rio Verde/GO']","['10.1590/S0103-50532010000500016', ['Rio Verde ,GO']]","doi_collectionSite"
"['10.1590/S1519-566X2008000600013', 'Itacoatiara/AM']","['10.1590/S1519-566X2008000600013', []]","doi_collectionSite"
"['10.1590/s0100-40422008000700015', 'Ribeirao Preto/SP']","['10.1590/s0100-40422008000700015', ['N/A,TO']]","doi_collectionSite"
"['10.2174/187152010794728620', 'Vicosa/MG']","['10.2174/187152010794728620', ['N/A,TO', 'Santa Vitoria ,MG', 'Belem ,PB']]","doi_collectionSite"
"['10.3390/molecules15129205', 'Sao Paulo/SP']","['10.3390/molecules15129205', ['Sao Paulo ,SP']]","doi_collectionSite"
"['10.3390/molecules190812031', 'Manaus/AM']","['10.3390/molecules190812031', ['Porto Amazonas ,PR']]","doi_collectionSite"
"['10.5935/0100-4042.20140049', 'Pirenopolis/GO']","['10.5935/0100-4042.20140049', ['Pirenopolis ,GO']]","doi_collectionSite"
"['10.5935/0103-5053.19930018', 'N/A/ES']","['10.5935/0103-5053.19930018', []]","doi_collectionSite"
"['10.5935/0103-5053.19960024', 'Mogi Guacu/SP']","['10.5935/0103-5053.19960024', []]","doi_collectionSite"
