doi,assistant_reply
10.1002/cbdv.200590016,"[{""compoundName"": ""Atractylenolide III""}]"
10.1002/cbdv.200590016,"[{""compoundName"": ""Atractylenolide I""}]"
10.1002/cbdv.200590016,"[{""compoundName"": ""Atractylenolide I""}]"
10.1002/cbdv.200590016,"[{""compoundName"": ""Atractylenolide I""}]"
10.1002/cbdv.200800342,"[{""compoundName"": ""Casearin X dialdehyde""}]"
10.1002/cbdv.200800342,"[{""compoundName"": ""Casearin X""}]"
10.1002/hlca.200890147,"[{""compoundName"": ""3β-O-[α-L-rhamnopyranosyl-(1→2)-O-β-D-glucopyranosyl-(1→2)-O-β-D-glucopyranosyl]-28-O-β-D-glucopyranoside pomolate""}]"
10.1002/hlca.200890147,"[{""compoundName"": ""3β-O-[α-L-rhamnopyranosyl-(1→2)-O-β-D-glucopyranosyl-(1→2)-O-β-D-glucopyranosyl]-28-O-β-D-glucopyranoside pomolate""}]"
10.1002/hlca.200890147,"[{""compoundName"": ""3β-O-[α-L-rhamnopyranosyl-(1→2)-O-β-D-glucopyranosyl-(1→2)-O-β-D-glucopyranosyl]-28-O-β-D-glucopyranoside pomolate""}]"
10.1002/hlca.200890147,"[{""compoundName"": ""3β-O-[α-L-rhamnopyranosyl-(1→2)-O-β-D-glucopyranosyl-(1→2)-O-β-D-glucopyranosyl]-28-O-β-D-glucopyranoside pomolate""}]"
10.1002/jobm.200800093,"[{""compoundName"": ""(22E,24R)-ergosta-4,6,8(14),22-tetraen-3-one""}]"
10.1002/jobm.200800093,"[{""compoundName"": ""(22E,24R)-ergosta-4,6,8(14),22-tetraen-3-one""}]"
10.1002/jobm.200800093,"[{""compoundName"": ""(22E,24R)-ergosta-4,6,8(14),22-tetraen-3-one""}]"
10.1002/jobm.200800093,"[{""compoundName"": ""(22E,24R)-ergosta-4,6,8(14),22-tetraen-3-one""}]"
10.1002/ps.1278,"[{""compoundName"": ""20-hydroxyecdysone""}]"
10.1002/ps.1278,"[{""compoundName"": ""20-hydroxyecdysone""}]"
10.1002/ps.1278,"[{""compoundName"": ""20-hydroxyecdysone""}]"
10.1002/ps.1278,"[{""compoundName"": ""20-hydroxyecdysone""}]"
10.1002/ps.1278,"[{""compoundName"": ""20-hydroxyecdysone""}]"
10.1002/ps.1278,"[{""compoundName"": ""20-hydroxyecdysone""}]"
10.1002/ps.1278,"[{""compoundName"": ""20-hydroxyecdysone""}]"
10.1002/ps.1278,"[{""compoundName"": ""20-hydroxyecdysone""}]"
10.1002/ps.1278,"[{""compoundName"": ""20-hydroxyecdysone""}]"
10.1002/ps.1278,"[{""compoundName"": ""20-hydroxyecdysone""}]"
10.1002/ps.1278,"[{""compoundName"": ""20-hydroxyecdysone""}]"
10.1002/ps.478,"[{""compoundName"": ""Astilbin""}]"
10.1002/ptr.1249,"[{""compoundName"": ""(+)-Ouratea-catechin""}]"
10.1002/ptr.1249,"[{""compoundName"": ""Quercetin 3-O-α-L-rhamnopyranosyl (1→6)-O-[β-D-glucopyranosyl (1→3)-O-α-L-rhamnopyranosyl-(1→2)]-O-β-D-glucopyranosyl""}]"
10.1002/ptr.1249,"[{""compoundName"": ""Quercetin 3-O-α-L-rhamnopyranosyl (1→6)-O-[β-D-glucopyranosyl (1→3)-O-α-L-rhamnopyranosyl-(1→2)]-O-β-D-glucopyranosyl""}]"
10.1002/ptr.1249,"[{""compoundName"": ""Quercetin 3-O-α-L-rhamnopyranosyl (1→6)-O-[β-D-glucopyranosyl (1→3)-O-α-L-rhamnopyranosyl-(1→2)]-O-β-D-glucopyranosyl""}]"
10.1002/ptr.1249,"[{""compoundName"": ""Quercetin 3-O-α-L-rhamnopyranosyl (1→6)-O-[β-D-glucopyranosyl (1→3)-O-α-L-rhamnopyranosyl-(1→2)]-O-β-D-glucopyranosyl""}]"
10.1007/s10295-012-1165-2,"[{""compoundName"": ""1β-methoxy-3α-hydroxy-3,10β-4,5α-diepoxy-8β-isobutyroyloxygermacr-11(13)-en-6α,12-olide""}]"
10.1007/s10295-012-1165-2,"[{""compoundName"": ""1β-methoxy-3α-hydroxy-3,10β-4,5α-diepoxy-8β-isobutyroyloxygermacr-11(13)-en-6α,12-olide""}]"
10.1016/0031-9422(73)85048-4,"[{""compoundName"": ""(2S)-sakuranetin""}]"
10.1016/0031-9422(90)80024-B,"[{""compoundName"": ""2-n-Pentylquinoline""}]"
10.1016/0031-9422(90)80024-B,"[{""compoundName"": ""2-n-Pentylquinoline""}]"
10.1016/0031-9422(91)85077-D,"[{""compoundName"": ""2-Phenylethyl caffeate""}]"
10.1016/0040-4020(95)00254-6,"[{""compoundName"": ""Leptophyllin A""}]"
10.1016/0040-4020(95)00254-6,"[{""compoundName"": ""Leptophyllin A""}]"
10.1016/0040-4020(95)00254-6,"[{""compoundName"": ""Leptophyllin A""}]"
10.1016/j.biortech.2010.01.041,"[{""compoundName"": ""3,4-dihydroxybenzoic acid geranyl ester""}]"
10.1016/j.bmc.2010.12.056,"[{""compoundName"": ""Citibrasine""}]"
10.1016/j.bmc.2010.12.056,"[{""compoundName"": ""Citibrasine""}]"
10.1016/j.bmc.2010.12.056,"[{""compoundName"": ""Citibrasine""}]"
10.1016/j.bmc.2010.12.056,"[{""compoundName"": ""Citibrasine""}]"
10.1016/j.bmc.2010.12.056,"[{""compoundName"": ""Citibrasine""}]"
10.1016/j.bmc.2010.12.056,"[{""compoundName"": ""Citibrasine""}]"
10.1016/j.bmc.2010.12.056,"[{""compoundName"": ""Citibrasine""}]"
10.1016/j.bse.2006.06.007,"[{""compoundName"": ""(4R)-4,8-dihydroxy-α-tetralone""}]"
10.1016/j.bse.2006.06.007,"[{""compoundName"": ""(4R)-4,8-dihydroxy-α-tetralone""}]"
10.1016/j.cbi.2010.08.008,"[{""compoundName"": ""Casearin X""}]"
10.1016/j.cbi.2010.08.008,"[{""compoundName"": ""Casearin X""}]"
10.1016/j.cbi.2010.08.008,"[{""compoundName"": ""Casearin X""}]"
10.1016/j.cbi.2010.08.008,"[{""compoundName"": ""Casearin X""}]"
10.1016/j.jchromb.2012.07.013,"[{""compoundName"": ""[10]-gingerol""}]"
10.1016/j.jep.2007.09.020,"[{""compoundName"": ""Isocarlinoside""}]"
10.1016/j.jfca.2003.09.013,"[{""compoundName"": ""Chlorogenic acid""}]"
10.1016/j.jpba.2012.08.028,"[{""compoundName"": ""Dihydro-grandisin""}]"
10.1016/j.jphotobiol.2013.01.006,"[{""compoundName"": ""Skimmianine""}]"
10.1016/j.jphotobiol.2013.01.006,"[{""compoundName"": ""Skimmianine""}]"
10.1016/j.micres.2004.06.003,"[{""compoundName"": ""Fumiquinazoline F""}]"
10.1016/j.phytochem.2004.03.039,"[{""compoundName"": ""22β-hydroxypristimerin""}]"
10.1016/j.phytochem.2004.03.039,"[{""compoundName"": ""22β-hydroxypristimerin""}]"
10.1016/j.phytochem.2004.03.039,"[{""compoundName"": ""22β-hydroxypristimerin""}]"
10.1016/j.phytochem.2004.03.039,"[{""compoundName"": ""22β-hydroxypristimerin""}]"
10.1016/j.phytochem.2005.04.043,"[{""compoundName"": ""(2R)-2,3-dihydro-2-methyl-5-methoxy-benzopyran-4-one""}]"
10.1016/j.phytochem.2005.04.043,"[{""compoundName"": ""(2R)-2,3-dihydro-2-methyl-5-methoxy-benzopyran-4-one""}]"
10.1016/j.phytochem.2005.06.019,"[{""compoundName"": ""Hydrangeifolin I""}]"
10.1016/j.phytochem.2006.06.004,"[{""compoundName"": ""3,11,12-trihydroxycadalene""}]"
10.1016/j.phytochem.2006.06.004,"[{""compoundName"": ""3,11,12-trihydroxycadalene""}]"
10.1016/j.phytochem.2006.06.004,"[{""compoundName"": ""3,11,12-trihydroxycadalene""}]"
10.1016/j.phytochem.2006.06.004,"[{""compoundName"": ""3,11,12-trihydroxycadalene""}]"
10.1016/j.phytochem.2006.09.005,"[{""compoundName"": ""2,4-dihydroxy-6-[(10E,30E)-penta-10,30-dienyl]-benzaldehyde""}]"
10.1016/j.phytochem.2006.09.005,"[{""compoundName"": ""2,4-dihydroxy-6-[(10E,30E)-penta-10,30-dienyl]-benzaldehyde""}]"
10.1016/j.phytochem.2007.08.012,"[{""compoundName"": ""rel-(7R,8S,7'S,8'S)-4,5,4',5'-dimethylenedioxy-3,3'-dimethoxy-7,7'-epoxylignan""}]"
10.1016/j.phytochem.2007.08.012,"[{""compoundName"": ""rel-(7R,8S,7'S,8'S)-4,5,4',5'-dimethylenedioxy-3,3'-dimethoxy-7,7'-epoxylignan""}]"
10.1016/j.phytochem.2007.08.012,"[{""compoundName"": ""rel-(7R,8S,7'S,8'S)-4,5,4',5'-dimethylenedioxy-3,3'-dimethoxy-7,7'-epoxylignan""}]"
10.1016/j.phytochem.2007.08.012,"[{""compoundName"": ""rel-(7R,8S,7'S,8'S)-4,5,4',5'-dimethylenedioxy-3,3'-dimethoxy-7,7'-epoxylignan""}]"
10.1016/j.phytochem.2007.08.012,"[{""compoundName"": ""rel-(7R,8S,7'S,8'S)-4,5,4',5'-dimethylenedioxy-3,3'-dimethoxy-7,7'-epoxylignan""}]"
10.1016/j.phytochem.2008.01.006,"[{""compoundName"": ""Pterogynoside""}]"
10.1016/j.phytochem.2008.01.006,"[{""compoundName"": ""Pterogynoside""}]"
10.1016/j.phytochem.2008.01.006,"[{""compoundName"": ""Pterogynoside""}]"
10.1016/j.phytochem.2008.01.006,"[{""compoundName"": ""Pterogynoside""}]"
10.1016/j.phytochem.2009.08.013,"[{""compoundName"": ""Methyl angolensate""}]"
10.1016/j.phytol.2010.11.003,"[{""compoundName"": ""(3R,4R)-4,7-dihydroxymellein""}]"
10.1016/j.phytol.2010.11.003,"[{""compoundName"": ""(3R,4R)-4,7-dihydroxymellein""}]"
10.1016/j.phytol.2010.11.003,"[{""compoundName"": ""(3R,4R)-4,7-dihydroxymellein""}]"
10.1016/j.tiv.2008.01.003,"[{""compoundName"": ""Pristimerin""}]"
10.1016/S0014-5793(02)02700-X,"[{""compoundName"": ""Chalepin""}]"
10.1016/S0031-9422(00)00225-9,"[{""compoundName"": ""5-(3'-hydroxypropyl)-7-methoxy-2-(3',4'-dimethoxyphenyl)benzofuran""}]"
10.1016/S0031-9422(00)00225-9,"[{""compoundName"": ""5-(3'-hydroxypropyl)-7-methoxy-2-(3',4'-dimethoxyphenyl)benzofuran""}]"
10.1016/S0031-9422(00)00225-9,"[{""compoundName"": ""5-(3'-hydroxypropyl)-7-methoxy-2-(3',4'-dimethoxyphenyl)benzofuran""}]"
10.1016/S0031-9422(00)00226-0,"[{""compoundName"": ""N-(12,13,14-trimethoxydihydrocinnamoyl)-3-pyridin-2-one""}]"
10.1016/S0031-9422(00)00226-0,"[{""compoundName"": ""Piperine""}]"
10.1016/S0031-9422(00)00226-0,"[{""compoundName"": ""Piperine""}]"
10.1016/S0031-9422(00)00226-0,"[{""compoundName"": ""Piperine""}]"
10.1016/S0031-9422(00)00226-0,"[{""compoundName"": ""Piperine""}]"
10.1016/S0031-9422(00)00226-0,"[{""compoundName"": ""Piperine""}]"
10.1016/S0031-9422(00)00226-0,"[{""compoundName"": ""Piperine""}]"
10.1016/S0031-9422(00)00226-0,"[{""compoundName"": ""Piperine""}]"
10.1016/S0031-9422(00)00248-X,"[{""compoundName"": ""3',4'-methylenedioxy-5,7-dimethoxyflavone""}]"
10.1016/S0031-9422(00)00248-X,"[{""compoundName"": ""3',4'-methylenedioxy-5,7-dimethoxyflavone""}]"
10.1016/S0031-9422(00)00248-X,"[{""compoundName"": ""3',4'-methylenedioxy-5,7-dimethoxyflavone""}]"
10.1016/S0031-9422(00)00323-X,"[{""compoundName"": ""Mayoside C""}]"
10.1016/S0031-9422(00)00477-5,"[{""compoundName"": ""Atractylenolide III""}]"
10.1016/S0031-9422(00)00477-5,"[{""compoundName"": ""Atractylenolide I""}]"
10.1016/S0031-9422(01)00079-6,"[{""compoundName"": ""Dibenzyl sulphide""}]"
10.1016/S0031-9422(01)00079-6,"[{""compoundName"": ""Dibenzyl sulphide""}]"
10.1016/S0031-9422(01)00079-6,"[{""compoundName"": ""Dibenzyl sulphide""}]"
10.1016/S0031-9422(01)00079-6,"[{""compoundName"": ""Dibenzyl sulphide""}]"
10.1016/S0031-9422(01)00079-6,"[{""compoundName"": ""Dibenzyl sulphide""}]"
10.1016/S0031-9422(01)00431-9,"[{""compoundName"": ""N-[10-(13,14-methylenedioxyphenyl)-7(E),9(Z)-pentadienoyl]-pyrrolidine""}]"
10.1016/S0031-9422(01)00431-9,"[{""compoundName"": ""N-[10-(13,14-methylenedioxyphenyl)-7(E),9(Z)-pentadienoyl]-pyrrolidine""}]"
10.1016/S0031-9422(01)00431-9,"[{""compoundName"": ""N-[10-(13,14-methylenedioxyphenyl)-7(E),9(Z)-pentadienoyl]-pyrrolidine""}]"
10.1016/S0031-9422(01)00431-9,"[{""compoundName"": ""N-[10-(13,14-methylenedioxyphenyl)-7(E),9(Z)-pentadienoyl]-pyrrolidine""}]"
10.1016/S0031-9422(01)00431-9,"[{""compoundName"": ""N-[10-(13,14-methylenedioxyphenyl)-7(E),9(Z)-pentadienoyl]-pyrrolidine""}]"
10.1016/S0031-9422(01)00431-9,"[{""compoundName"": ""N-[10-(13,14-methylenedioxyphenyl)-7(E),9(Z)-pentadienoyl]-pyrrolidine""}]"
10.1016/S0031-9422(03)00153-5,"[{""compoundName"": ""6'-Acetyl-β-D-glucopyranosyldiderroside""}]"
10.1016/S0031-9422(03)00153-5,"[{""compoundName"": ""6'-Acetyl-β-D-glucopyranosyldiderroside""}]"
10.1016/S0031-9422(03)00153-5,"[{""compoundName"": ""6'-Acetyl-β-D-glucopyranosyldiderroside""}]"
10.1016/S0031-9422(97)00238-0,"[{""compoundName"": ""Formosinoside""}]"
10.1016/S0031-9422(97)00238-0,"[{""compoundName"": ""Formosinoside""}]"
10.1016/S0031-9422(97)00238-0,"[{""compoundName"": ""Formosinoside""}]"
10.1016/S0031-9422(97)00598-0,"[{""compoundName"": ""5,7,3',4',5'-pentamethoxyflavanonol""}]"
10.1016/S0031-9422(98)00069-7,"[{""compoundName"": ""Lupeol dihydrocinnamate""}]"
10.1016/S0031-9422(98)00249-0,"[{""compoundName"": ""Casearin T""}]"
10.1016/S0031-9422(98)00249-0,"[{""compoundName"": ""Casearin T""}]"
10.1016/S0031-9422(99)00132-6,"[{""compoundName"": ""3-(3',7'-dimethyl-2',6'-octadienyl)-4-methoxybenzoic acid""}]"
10.1016/S0031-9422(99)00132-6,"[{""compoundName"": ""3-(3',7'-dimethyl-2',6'-octadienyl)-4-methoxybenzoic acid""}]"
10.1021/cc100076k,"[{""compoundName"": ""5,7-Dimethoxy-4'-piperonylflavone""}]"
10.1021/jf00030a035,"[{""compoundName"": ""2-methyl-5-[8(Z),11(Z)-pentadecadienyl]resorcinol""}]"
10.1021/jf00030a035,"[{""compoundName"": ""2-methyl-5-[8(Z),11(Z)-pentadecadienyl]resorcinol""}]"
10.1021/jf00030a035,"[{""compoundName"": ""2-methyl-5-[8(Z),11(Z)-pentadecadienyl]resorcinol""}]"
10.1021/jf00030a035,"[{""compoundName"": ""2-methyl-5-[8(Z),11(Z)-pentadecadienyl]resorcinol""}]"
10.1021/jf00030a035,"[{""compoundName"": ""2-methyl-5-[8(Z),11(Z)-pentadecadienyl]resorcinol""}]"
10.1021/jf00030a035,"[{""compoundName"": ""2-methyl-5-[8(Z),11(Z)-pentadecadienyl]resorcinol""}]"
10.1021/jf00030a035,"[{""compoundName"": ""2-methyl-5-[8(Z),11(Z)-pentadecadienyl]resorcinol""}]"
10.1021/jf00030a035,"[{""compoundName"": ""2-methyl-5-[8(Z),11(Z)-pentadecadienyl]resorcinol""}]"
10.1021/jf00030a035,"[{""compoundName"": ""2-methyl-5-[8(Z),11(Z)-pentadecadienyl]resorcinol""}]"
10.1021/jf00030a035,"[{""compoundName"": ""2-methyl-5-[8(Z),11(Z)-pentadecadienyl]resorcinol""}]"
10.1021/jf063451x,"[{""compoundName"": ""Sargaquinoic acid""}]"
10.1021/jf063451x,"[{""compoundName"": ""Sargaquinoic acid""}]"
10.1021/jf063451x,"[{""compoundName"": ""Sargaquinoic acid""}]"
10.1021/jf063451x,"[{""compoundName"": ""Sargaquinoic acid""}]"
10.1021/jf063451x,"[{""compoundName"": ""Sargaquinoic acid""}]"
10.1021/jf063451x,"[{""compoundName"": ""Sargaquinoic acid""}]"
10.1021/jf063451x,"[{""compoundName"": ""Sargaquinoic acid""}]"
10.1021/jf063451x,"[{""compoundName"": ""Sargaquinoic acid""}]"
10.1021/jf063451x,"[{""compoundName"": ""Sargaquinoic acid""}]"
10.1021/jf100233y,"[{""compoundName"": ""Lauryl gallate""}]"
10.1021/jf100233y,"[{""compoundName"": ""Lauryl gallate""}]"
10.1021/jf60217a066,"[{""compoundName"": ""trans-Anethole""}]"
10.1021/np0103970,"[{""compoundName"": ""(21S,23S)-Epoxy-21α-methoxy-7α,24S,25-trihydroxy-4α,4β,8β,10β-tetramethyl-25-dimethyl-14,18-cyclo-5α,13α,14α,17α-cholestan-3β-N-methylanthranilic acid ester""}]"
10.1021/np0103970,"[{""compoundName"": ""(21S,23S)-Epoxy-21α-methoxy-7α,24S,25-trihydroxy-4α,4β,8β,10β-tetramethyl-25-dimethyl-14,18-cyclo-5α,13α,14α,17α-cholestan-3β-N-methylanthranilic acid ester""}]"
10.1021/np030100t,"[{""compoundName"": ""2-(2'-O-trans-caffeoyl)-C-β-D-glucopyranosyl-1,3,6,7-tetrahydroxyxanthone""}]"
10.1021/np030100t,"[{""compoundName"": ""2-(2'-O-trans-caffeoyl)-C-β-D-glucopyranosyl-1,3,6,7-tetrahydroxyxanthone""}]"
10.1021/np030100t,"[{""compoundName"": ""2-(2'-O-trans-caffeoyl)-C-β-D-glucopyranosyl-1,3,6,7-tetrahydroxyxanthone""}]"
10.1021/np030100t,"[{""compoundName"": ""2-(2'-O-trans-caffeoyl)-C-β-D-glucopyranosyl-1,3,6,7-tetrahydroxyxanthone""}]"
10.1021/np030100t,"[{""compoundName"": ""2-(2'-O-trans-caffeoyl)-C-β-D-glucopyranosyl-1,3,6,7-tetrahydroxyxanthone""}]"
10.1021/np0303963,"[{""compoundName"": ""(-)-7-hydroxyspectaline""}]"
10.1021/np030530j,"[{""compoundName"": ""Methyl 4-hydroxy-3-(2',3'-dihydroxy-3'-methylbutyl)benzoate""}]"
10.1021/np030530j,"[{""compoundName"": ""Methyl 4-hydroxy-3-(2',3'-dihydroxy-3'-methylbutyl)benzoate""}]"
10.1021/np030530j,"[{""compoundName"": ""Methyl 4-hydroxy-3-(2',3'-dihydroxy-3'-methylbutyl)benzoate""}]"
10.1021/np030530j,"[{""compoundName"": ""Methyl 4-hydroxy-3-(2',3'-dihydroxy-3'-methylbutyl)benzoate""}]"
10.1021/np030530j,"[{""compoundName"": ""Methyl 4-hydroxy-3-(2',3'-dihydroxy-3'-methylbutyl)benzoate""}]"
10.1021/np030530j,"[{""compoundName"": ""Methyl 4-hydroxy-3-(2',3'-dihydroxy-3'-methylbutyl)benzoate""}]"
10.1021/np030530j,"[{""compoundName"": ""Methyl 4-hydroxy-3-(2',3'-dihydroxy-3'-methylbutyl)benzoate""}]"
10.1021/np030530j,"[{""compoundName"": ""Methyl 4-hydroxy-3-(2',3'-dihydroxy-3'-methylbutyl)benzoate""}]"
10.1021/np030530j,"[{""compoundName"": ""Methyl 4-hydroxy-3-(2',3'-dihydroxy-3'-methylbutyl)benzoate""}]"
10.1021/np049863m,"[{""compoundName"": ""Turbinatine""}]"
10.1021/np049863m,"[{""compoundName"": ""Turbinatine""}]"
10.1021/np049863m,"[{""compoundName"": ""Turbinatine""}]"
10.1021/np049863m,"[{""compoundName"": ""Turbinatine""}]"
10.1021/np049863m,"[{""compoundName"": ""Turbinatine""}]"
10.1021/np049863m,"[{""compoundName"": ""Turbinatine""}]"
10.1021/np049863m,"[{""compoundName"": ""Turbinatine""}]"
10.1021/np060254j,"[{""compoundName"": ""(+)-Erythravine""}]"
10.1021/np060254j,"[{""compoundName"": ""(+)-Erythravine""}]"
10.1021/np070312g,"[{""compoundName"": ""(-)-3-O-acetylspectaline""}]"
10.1021/np1007476,"[{""compoundName"": ""Chimarrhinin""}]"
10.1021/np1007476,"[{""compoundName"": ""Chimarrhinin""}]"
10.1021/np100840w,"[{""compoundName"": ""2,6-di-O-acetylcasearupestrin D""}]"
10.1021/np100840w,"[{""compoundName"": ""2,6-di-O-acetylcasearupestrin D""}]"
10.1021/np100840w,"[{""compoundName"": ""2,6-di-O-acetylcasearupestrin D""}]"
10.1021/np100840w,"[{""compoundName"": ""2,6-di-O-acetylcasearupestrin D""}]"
10.1021/np4006822,"[{""compoundName"": ""Mycoleptone A""}]"
10.1021/np4006822,"[{""compoundName"": ""Mycoleptone A""}]"
10.1021/np4006822,"[{""compoundName"": ""Mycoleptone A""}]"
10.1021/np4006822,"[{""compoundName"": ""Mycoleptone A""}]"
10.1021/np4006822,"[{""compoundName"": ""Mycoleptone A""}]"
10.1021/np4006822,"[{""compoundName"": ""Mycoleptone A""}]"
10.1021/np4006822,"[{""compoundName"": ""Mycoleptone A""}]"
10.1021/np500453x,"[{""compoundName"": ""1-(5,7-dihydroxy-2,2-dimethylchroman-6-yl)-3-(1,1,4a-trimethyl-2,3,4,4a,9a-hexahydro-1H-xanthen-7-yl)propan-1-one""}]"
10.1021/np500453x,"[{""compoundName"": ""1-(5,7-dihydroxy-2,2-dimethylchroman-6-yl)-3-(1,1,4a-trimethyl-2,3,4,4a,9a-hexahydro-1H-xanthen-7-yl)propan-1-one""}]"
10.1021/np500453x,"[{""compoundName"": ""1-(5,7-dihydroxy-2,2-dimethylchroman-6-yl)-3-(1,1,4a-trimethyl-2,3,4,4a,9a-hexahydro-1H-xanthen-7-yl)propan-1-one""}]"
10.1021/np50086a012,"[{""compoundName"": ""Cusculine""}]"
10.1021/np800106x,"[{""compoundName"": ""6R-malonyloxymanoyl oxide""}]"
10.1021/np800106x,"[{""compoundName"": ""6R-malonyloxymanoyl oxide""}]"
10.1021/np800106x,"[{""compoundName"": ""6R-malonyloxymanoyl oxide""}]"
10.1021/np800612x,"[{""compoundName"": ""Nitensidine E""}]"
10.1021/np800612x,"[{""compoundName"": ""Nitensidine E""}]"
10.1021/np9004079,"[{""compoundName"": ""rel-2R-hydroxyzuelanin-6-benzoate""}]"
10.1021/np9004079,"[{""compoundName"": ""rel-6-hydroxyzuelanin-2-benzoate""}]"
10.1021/np9004079,"[{""compoundName"": ""rel-6-hydroxyzuelanin-2-benzoate""}]"
10.1021/np9004079,"[{""compoundName"": ""rel-6-hydroxyzuelanin-2-benzoate""}]"
10.1021/np900644x,"[{""compoundName"": ""12'-hydroxy-7'-multijuguinone""}]"
10.1021/np900644x,"[{""compoundName"": ""12'-hydroxy-7'-multijuguinone""}]"
10.1021/np9703656,"[{""compoundName"": ""N-[2-(3',4'-methylenedioxy, 6-methoxyphenyl)-2(Z)-propenoyl]-pyrrolidine""}]"
10.1021/np9704617,"[{""compoundName"": ""Trachelosperoside B-1""}]"
10.1055/s-0028-1088323,"[{""compoundName"": ""Odoratol""}]"
10.1055/s-0028-1088323,"[{""compoundName"": ""Odoratol""}]"
10.1055/s-0028-1088323,"[{""compoundName"": ""Odoratol""}]"
10.1055/s-0028-1088323,"[{""compoundName"": ""Odoratol""}]"
10.1055/s-0028-1088323,"[{""compoundName"": ""Odoratol""}]"
10.1055/s-0028-1088323,"[{""compoundName"": ""Odoratol""}]"
10.1055/s-0028-1088323,"[{""compoundName"": ""Odoratol""}]"
10.1055/s-0028-1088323,"[{""compoundName"": ""Odoratol""}]"
10.1055/s-0029-1185364,"[{""compoundName"": ""Clusifoliol""}]"
10.1055/s-0029-1185364,"[{""compoundName"": ""Clusifoliol""}]"
10.1055/s-0029-1185364,"[{""compoundName"": ""Clusifoliol""}]"
10.1055/s-0029-1185364,"[{""compoundName"": ""Clusifoliol""}]"
10.1055/s-0034-1368301,"[{""compoundName"": ""(22E,24R)-8,14-epoxyergosta-4,22-diene-3,6-dione""}]"
10.1055/s-2002-36346,"[{""compoundName"": ""3-O-caffeoylquinic acid""}]"
10.1080/14786410412331271979,"[{""compoundName"": ""Homoegonol""}]"
10.1080/14786410412331271979,"[{""compoundName"": ""Homoegonol""}]"
10.1080/14786410412331271979,"[{""compoundName"": ""Homoegonol""}]"
10.1080/14786410600907002,"[{""compoundName"": ""Severine acetate""}]"
10.1080/14786410600907002,"[{""compoundName"": ""Severine acetate""}]"
10.1080/14786410802243271,"[{""compoundName"": ""4-hydroxy-3-(3',7'-dimethyl-3'-hydroxy-1'-oxo-6'-octenyl)benzoic acid""}]"
10.1080/14786410802243271,"[{""compoundName"": ""4-hydroxy-3-(3',7'-dimethyl-3'-hydroxy-1'-oxo-6'-octenyl)benzoic acid""}]"
10.1080/14786410802243271,"[{""compoundName"": ""4-hydroxy-3-(3',7'-dimethyl-3'-hydroxy-1'-oxo-6'-octenyl)benzoic acid""}]"
10.1080/14786410802243271,"[{""compoundName"": ""4-hydroxy-3-(3',7'-dimethyl-3'-hydroxy-1'-oxo-6'-octenyl)benzoic acid""}]"
10.1080/14786410802243271,"[{""compoundName"": ""4-hydroxy-3-(3',7'-dimethyl-3'-hydroxy-1'-oxo-6'-octenyl)benzoic acid""}]"
10.1080/14786410903335232,"[{""compoundName"": ""Isobutyl gallate""}]"
10.1080/14786410903335232,"[{""compoundName"": ""Isobutyl gallate""}]"
10.1080/14786410903335232,"[{""compoundName"": ""Isobutyl gallate""}]"
10.1080/14786410903335232,"[{""compoundName"": ""Isobutyl gallate""}]"
10.1080/14786419.2011.647020,"[{""compoundName"": ""3-(2-(4-hydroxyphenyl)-2-oxoethyl)-5,6-dihydropyridin-2(1H)-one""}]"
10.1107/S1600536803019913,"[{""compoundName"": ""Skimmianine""}]"
10.1155/2013/835081,"[{""compoundName"": ""Urauchimycin A""}]"
10.1248/bpb.31.538,"[{""compoundName"": ""(2S)-Methyl-8-isopentyl-2-methyl-2-(4-methylpentyl)chroman-6-carboxylate""}]"
10.1248/bpb.31.538,"[{""compoundName"": ""(2S)-Methyl-8-isopentyl-2-methyl-2-(4-methylpentyl)chroman-6-carboxylate""}]"
10.1248/bpb.31.538,"[{""compoundName"": ""(2S)-Methyl-8-isopentyl-2-methyl-2-(4-methylpentyl)chroman-6-carboxylate""}]"
10.1248/bpb.31.538,"[{""compoundName"": ""(2S)-Methyl-8-isopentyl-2-methyl-2-(4-methylpentyl)chroman-6-carboxylate""}]"
10.1248/bpb.31.538,"[{""compoundName"": ""(2S)-Methyl-8-isopentyl-2-methyl-2-(4-methylpentyl)chroman-6-carboxylate""}]"
10.1248/bpb.31.538,"[{""compoundName"": ""(2S)-Methyl-8-isopentyl-2-methyl-2-(4-methylpentyl)chroman-6-carboxylate""}]"
10.1248/bpb.31.538,"[{""compoundName"": ""(2S)-Methyl-8-isopentyl-2-methyl-2-(4-methylpentyl)chroman-6-carboxylate""}]"
10.1248/bpb.31.538,"[{""compoundName"": ""(2S)-Methyl-8-isopentyl-2-methyl-2-(4-methylpentyl)chroman-6-carboxylate""}]"
10.1248/cpb.56.723,"[{""compoundName"": ""Sorbifolin 6-O-β-glucopyranoside""}]"
10.1248/cpb.56.723,"[{""compoundName"": ""Sorbifolin 6-O-β-glucopyranoside""}]"
10.1248/cpb.56.723,"[{""compoundName"": ""Sorbifolin 6-O-β-glucopyranoside""}]"
10.1248/cpb.56.723,"[{""compoundName"": ""Sorbifolin 6-O-β-glucopyranoside""}]"
10.1248/cpb.56.723,"[{""compoundName"": ""Sorbifolin 6-O-β-glucopyranoside""}]"
10.1515/znb-2005-0715,"[{""compoundName"": ""Platydesmine""}]"
10.1515/znb-2005-0715,"[{""compoundName"": ""Platydesmine""}]"
10.1515/znc-2002-5-602,"[{""compoundName"": ""Tephrospiroketone I""}]"
10.1515/znc-2002-5-602,"[{""compoundName"": ""Tephrospiroketone I""}]"
10.1515/znc-2008-5-611,"[{""compoundName"": ""3,3'-O-dimethylquercetin""}]"
10.1515/znc-2008-5-611,"[{""compoundName"": ""3,3'-O-dimethylquercetin""}]"
10.1515/znc-2008-5-611,"[{""compoundName"": ""3,3'-O-dimethylquercetin""}]"
10.1515/znc-2008-5-611,"[{""compoundName"": ""3,3'-O-dimethylquercetin""}]"
10.1515/znc-2008-5-611,"[{""compoundName"": ""3,3'-O-dimethylquercetin""}]"
10.1515/znc-2008-5-611,"[{""compoundName"": ""3,3'-O-dimethylquercetin""}]"
10.1515/znc-2009-11-1212,"[{""compoundName"": ""8-methoxymellein""}, {""compoundName"": ""Cyclo-(L-Pro-L-Val)""}]"
10.1515/znc-2009-11-1212,"[{""compoundName"": ""8-methoxymellein""}, {""compoundName"": ""Cyclo-(L-Pro-L-Val)""}]"
10.1515/znc-2009-11-1212,"[{""compoundName"": ""8-methoxymellein""}, {""compoundName"": ""Cyclo-(L-Pro-L-Val)""}]"
10.1515/znc-2009-11-1212,"[{""compoundName"": ""8-methoxymellein""}, {""compoundName"": ""Cyclo-(L-Pro-L-Val)""}]"
10.1590/S0073-47212009000100009,"[{""compoundName"": ""Ricinine""}]"
10.1590/S0100-40421998000600005,"[{""compoundName"": ""Lupeol cinnamate""}]"
10.1590/S0100-40421998000600005,"[{""compoundName"": ""Lupeol cinnamate""}]"
10.1590/S0100-40422002000300002,"[{""compoundName"": ""3-O-trans-p-coumaroylmaslinic acid""}]"
10.1590/S0100-40422004000200005,"[{""compoundName"": ""(7R,8S,1'S)-Δ8'-3',5'-dimethoxy-1',4'-dihydro-4'-oxo-7.0.2',8.1'-neolignan""}]"
10.1590/S0100-40422005000400009,"[{""compoundName"": ""3-O-β-D-quinovopyranosyl cincholic acid""}]"
10.1590/S0100-40422005000400009,"[{""compoundName"": ""3-O-β-D-quinovopyranosyl cincholic acid""}]"
10.1590/S0100-40422005000600011,"[{""compoundName"": ""Cytochalasin B""}]"
10.1590/S0100-40422005000600011,"[{""compoundName"": ""Cytochalasin B""}]"
10.1590/S0100-40422005000600011,"[{""compoundName"": ""Cytochalasin B""}]"
10.1590/S0100-40422006000300016,"[{""compoundName"": ""(-)-epigallocatechin-3-O-gallate""}]"
10.1590/S0100-40422008000400005,"[{""compoundName"": ""Haplotusine""}]"
10.1590/S0100-40422008000400005,"[{""compoundName"": ""Haplotusine""}]"
10.1590/S0100-40422008000400005,"[{""compoundName"": ""Haplotusine""}]"
10.1590/S0100-40422008000400018,"[{""compoundName"": ""Pterogynine""}]"
10.1590/S0100-40422008000400023,"[{""compoundName"": ""Oleanolic acid 3-sophoroside""}]"
10.1590/S0100-40422008000400023,"[{""compoundName"": ""Oleanolic acid 3-sophoroside""}]"
10.1590/s0100-40422008000700015,"[{""compoundName"": ""Chaetoglobosin D""}]"
10.1590/S0100-40422009000600037,"[{""compoundName"": ""Methyl angolensate""}]"
10.1590/S0100-40422010000900005,"[{""compoundName"": ""ω-phenyl tridecanoic acid""}]"
10.1590/S0100-40422010000900005,"[{""compoundName"": ""ω-phenyl tridecanoic acid""}]"
10.1590/S0100-40422010001000006,"[{""compoundName"": ""19,20-Epoxycytochalasin Q""}]"
10.1590/S0100-40422010001000006,"[{""compoundName"": ""19,20-Epoxycytochalasin Q""}]"
10.1590/S0100-40422010001000006,"[{""compoundName"": ""19,20-Epoxycytochalasin Q""}]"
10.1590/S0100-40422012000700020,"[{""compoundName"": ""3-geranyl-4-hydroxy-5-(3''-methyl-2''-butenyl)-benzoic acid""}]"
10.1590/S0100-46702007000300002,"[{""compoundName"": ""Sinapyl 4-O-β-D-glucopyranoside alcohol""}]"
10.1590/S0100-46702007000300002,"[{""compoundName"": ""Sinapyl 4-O-β-D-glucopyranoside alcohol""}, {""compoundName"": ""Liriodenine""}]"
10.1590/S0102-695X2007000300003,"[{""compoundName"": ""Amentoflavone""}]"
10.1590/S0102-695X2007000300003,"[{""compoundName"": ""Amentoflavone""}]"
10.1590/S0102-695X2007000300003,"[{""compoundName"": ""Amentoflavone""}]"
10.1590/S0102-695X2008000200010,"[{""compoundName"": ""Acteoside""}]"
10.1590/S0102-695X2009000100002,"[{""compoundName"": ""7-methoxyflavone""}]"
10.1590/S0102-695X2010005000017,"[{""compoundName"": ""N-1,N-2,N-3-triisopentenylguanidine""}]"
10.1590/S0102-695X2010005000017,"[{""compoundName"": ""N-1,N-2,N-3-triisopentenylguanidine""}]"
10.1590/S0102-695X2012005000106,"[{""compoundName"": ""Beauvericin""}]"
10.1590/S0102-695X2012005000106,"[{""compoundName"": ""Beauvericin""}]"
10.1590/S0103-50532002000100010,"[{""compoundName"": ""1-methyl-2-phenyl-4-quinolone""}]"
10.1590/S0103-50532002000100010,"[{""compoundName"": ""1-methyl-2-phenyl-4-quinolone""}]"
10.1590/S0103-50532002000100019,"[{""compoundName"": ""Neoisoastilbin""}]"
10.1590/S0103-50532003000300007,"[{""compoundName"": ""5-hydroxy-3',4'-methylenedioxy-6,7-dimethoxyflavone""}]"
10.1590/S0103-50532003000300007,"[{""compoundName"": ""5-hydroxy-3',4'-methylenedioxy-6,7-dimethoxyflavone""}]"
10.1590/S0103-50532003000500012,"[{""compoundName"": ""Chlorogenic acid caffeoyl ester""}]"
10.1590/S0103-50532005000400005,"[{""compoundName"": ""(7S*,8R*,1'R*,3'R*)-3,4,5'-trimethoxy-3,7'-cyclo-8,1'-neolig-8'-ene-2,4'(3'H)-dione""}]"
10.1590/S0103-50532005000400005,"[{""compoundName"": ""(7S*,8R*,1'R*,3'R*)-3,4,5'-trimethoxy-3,7'-cyclo-8,1'-neolig-8'-ene-2,4'(3'H)-dione""}]"
10.1590/S0103-50532005000400005,"[{""compoundName"": ""(7S*,8R*,1'R*,3'R*)-3,4,5'-trimethoxy-3,7'-cyclo-8,1'-neolig-8'-ene-2,4'(3'H)-dione""}]"
10.1590/S0103-50532005000400031,"[{""compoundName"": ""Xanthyletin""}]"
10.1590/S0103-50532005000800008,"[{""compoundName"": ""Kaempferol-3-O-α-L-rhamnopyranosyl-(1→6)-α-L-rhamnopyranosyl-(1→4)-β-D-glucopyranoside""}]"
10.1590/S0103-50532005000800008,"[{""compoundName"": ""Kaempferol-3-O-α-L-rhamnopyranosyl-(1→6)-α-L-rhamnopyranosyl-(1→4)-β-D-glucopyranoside""}]"
10.1590/S0103-50532005000800008,"[{""compoundName"": ""Kaempferol-3-O-α-L-rhamnopyranosyl-(1→6)-α-L-rhamnopyranosyl-(1→4)-β-D-glucopyranoside""}]"
10.1590/S0103-50532005000800008,"[{""compoundName"": ""Kaempferol-3-O-α-L-rhamnopyranosyl-(1→6)-α-L-rhamnopyranosyl-(1→4)-β-D-glucopyranoside""}]"
10.1590/S0103-50532005000800008,"[{""compoundName"": ""Kaempferol-3-O-α-L-rhamnopyranosyl-(1→6)-α-L-rhamnopyranosyl-(1→4)-β-D-glucopyranoside""}]"
10.1590/S0103-50532005000800008,"[{""compoundName"": ""Kaempferol-3-O-α-L-rhamnopyranosyl-(1→6)-α-L-rhamnopyranosyl-(1→4)-β-D-glucopyranoside""}]"
10.1590/S0103-50532005000800008,"[{""compoundName"": ""Kaempferol-3-O-α-L-rhamnopyranosyl-(1→6)-α-L-rhamnopyranosyl-(1→4)-β-D-glucopyranoside""}]"
10.1590/S0103-50532005000800018,"[{""compoundName"": ""4-nerolidylcatechol""}]"
10.1590/S0103-50532005000800025,"[{""compoundName"": ""Fraxinellonone""}]"
10.1590/S0103-50532005000800025,"[{""compoundName"": ""Fraxinellonone""}]"
10.1590/S0103-50532005000800026,"[{""compoundName"": ""Cyclo (L)-Pro-(L)-Phe""}, {""compoundName"": ""Cyclo (L)-Pro-(L)-Leu""}]"
10.1590/S0103-50532005000800029,"[{""compoundName"": ""Phomopsilactone""}]"
10.1590/S0103-50532005000800029,"[{""compoundName"": ""Phomopsilactone""}]"
10.1590/S0103-50532005000800029,"[{""compoundName"": ""Phomopsilactone""}]"
10.1590/S0103-50532006000300017,"[{""compoundName"": ""Xyloccensin K""}]"
10.1590/S0103-50532006000300017,"[{""compoundName"": ""Xyloccensin K""}]"
10.1590/S0103-50532007000700017,"[{""compoundName"": ""6α-hydroxygeniposide""}]"
10.1590/S0103-50532007000700017,"[{""compoundName"": ""(+)-Lyoniresinol-3α-O-β-D-glucopyranoside""}]"
10.1590/S0103-50532009000100029,"[{""compoundName"": ""(+)-veraguensin""}]"
10.1590/S0103-50532009000400008,"[{""compoundName"": ""2,3-dihydro-4,9-dihydroxy-2-(2-hydroxypropan-2-yl)-11-methoxy-10-methylfuro[3,2-b]acridin-5(10H)-one""}]"
10.1590/S0103-50532009000400008,"[{""compoundName"": ""2,3-dihydro-4,9-dihydroxy-2-(2-hydroxypropan-2-yl)-11-methoxy-10-methylfuro[3,2-b]acridin-5(10H)-one""}]"
10.1590/S0103-50532009000400008,"[{""compoundName"": ""2,3-dihydro-4,9-dihydroxy-2-(2-hydroxypropan-2-yl)-11-methoxy-10-methylfuro[3,2-b]acridin-5(10H)-one""}]"
10.1590/S0103-50532010000500016,"[{""compoundName"": ""Limonexic acid""}]"
10.1590/S1519-566X2008000600013,"[{""compoundName"": ""24-methylene-3,22-dihydroxycholesterol""}]"
10.1590/S1519-566X2008000600013,"[{""compoundName"": ""24-methylene-3,22-dihydroxycholesterol""}]"
10.2174/187152010794728620,"[{""compoundName"": ""Ocotillone""}]"
10.2174/187152010794728620,"[{""compoundName"": ""Ocotillone""}]"
10.2174/187152010794728620,"[{""compoundName"": ""Ocotillone""}]"
10.2174/187152010794728620,"[{""compoundName"": ""Ocotillone""}]"
10.2174/187152010794728620,"[{""compoundName"": ""Ocotillone""}]"
10.2174/187152010794728620,"[{""compoundName"": ""Ocotillone""}]"
10.2174/187152010794728620,"[{""compoundName"": ""Ocotillone""}]"
10.3390/molecules15129205,"[{""compoundName"": ""Leptomerine""}]"
10.4067/S0717-97072009000300004,"[{""compoundName"": ""β-amyrenone""}]"
10.5935/0100-4042.20140049,"[{""compoundName"": ""Catechin-3-O-α-rhamnopyranoside""}]"
10.5935/0103-5053.19930018,"[{""compoundName"": ""3,4-seco-olean-18-ene-3,28-dioic acid""}]"
10.5935/0103-5053.19960024,"[{""compoundName"": ""3,4-seco-olean-18-ene-3,28-dioic acid""}]"
10.5935/0103-5053.19960024,"[{""compoundName"": ""3,4-seco-olean-18-ene-3,28-dioic acid""}]"
10.5935/0103-5053.19960024,"[{""compoundName"": ""3,4-seco-olean-18-ene-3,28-dioic acid""}]"
10.5935/0103-5053.19960024,"[{""compoundName"": ""3,4-seco-olean-18-ene-3,28-dioic acid""}]"
