true,restored,edge_type
"['10.1002/hlca.200890147', 'Alibertia edulis (Rubiaceae)']","['10.1002/hlca.200890147', ['Alibertia edulis (Rubiaceae)', 'Alibertia edulis (Rubiaceae)', 'Alibertia edulis (Rubiaceae)', 'Alibertia edulis (Rubiaceae)', 'Alibertia edulis (Rubiaceae)']]",doi_collectionSpecie
"['10.1002/jobm.200800093', 'Nigrospora sphaerica']","['10.1002/jobm.200800093', ['Nigrospora sphaerica', 'Phoma betae', 'Phoma betae', 'Nigrospora sphaerica', 'Phoma betae', 'Nigrospora sphaerica and Phoma betae']]",doi_collectionSpecie
"['10.1002/ps.1278', 'Vitex polygama (Verbenaceae)']","['10.1002/ps.1278', ['Vitex polygama (Verbenaceae)', 'Vitex polygama (Verbenaceae)', 'Vitex polygama (Verbenaceae)', 'Siphoneugena densiflora (Myrtaceae)', 'Vitex polygama (Verbenaceae)', 'Vitex polygama (Verbenaceae)', 'Siphoneugena densiflora (Myrtaceae)']]",doi_collectionSpecie
"['10.1002/ps.1278', 'Siphoneugena densiflora (Myrtaceae)']","['10.1002/ps.1278', ['Vitex polygama (Verbenaceae)', 'Vitex polygama (Verbenaceae)', 'Vitex polygama (Verbenaceae)', 'Siphoneugena densiflora (Myrtaceae)', 'Vitex polygama (Verbenaceae)', 'Vitex polygama (Verbenaceae)', 'Siphoneugena densiflora (Myrtaceae)']]",doi_collectionSpecie
"['10.1016/S0031-9422(00)00248-X', 'Neoraputia magnifica (Rutaceae)']","['10.1016/S0031-9422(00)00248-X', ['Neoraputia magnifica', 'Neoraputia magniﬁca var. magniﬁca', 'Neoraputia magniﬁca var. magniﬁca', 'Neoraputia magniﬁca var. magniﬁca', 'Neoraputia magniﬁca var. magniﬁca', 'Neoraputia magniﬁca var. magniﬁca', 'Neoraputia magniﬁca var. magniﬁca']]",doi_collectionSpecie
"['10.1016/S0031-9422(00)00323-X', 'Picramnia teapensis']","['10.1016/S0031-9422(00)00323-X', ['Picramnia teapensis', 'Picramnia teapensis', 'Picramnia teapensis', 'Picramnia teapensis']]",doi_collectionSpecie
"['10.1016/S0031-9422(01)00079-6', 'Petiveria alliacea (Phytolaccaceae)']","['10.1016/S0031-9422(01)00079-6', ['Petiveria alliacea L. (Phytolacaceae)', 'Petiveria alliacea L. (Phytolacaceae)', 'Petiveria alliacea L. (Phytolacaceae)', 'Petiveria alliacea L. (Phytolacaceae)', 'Petiveria alliacea L. (Phytolacaceae)', 'Petiveria alliacea L. (Phytolacaceae)', 'Petiveria alliacea L. (Phytolacaceae)']]",doi_collectionSpecie
"['10.1016/S0031-9422(03)00153-5', 'Calycophyllum spruceanum (Rubiaceae)']","['10.1016/S0031-9422(03)00153-5', ['Calycophyllum spruceanum (Rubiaceae)', 'Calycophyllum spruceanum (Rubiaceae)', 'Calycophyllum spruceanum (Rubiaceae)']]",doi_collectionSpecie
"['10.1016/S0031-9422(97)00238-0', 'Tocoyena formosa (Rubiaceae)']","['10.1016/S0031-9422(97)00238-0', ['Tocoyena formosa', 'Tocoyena formosa', 'Tocoyena formosa', 'Tocoyena formosa', 'Tocoyena formosa']]",doi_collectionSpecie
"['10.1016/S0031-9422(97)00598-0', 'Murraya paniculata']","['10.1016/S0031-9422(97)00598-0', ['Murraya paniculata', 'Murraya paniculata', 'Murraya paniculata', 'Murraya paniculata', 'Murraya paniculata', 'Murraya paniculata', 'Murraya paniculata', 'Murraya paniculata', 'Murraya paniculata', 'Murraya paniculata']]",doi_collectionSpecie
"['10.1016/S0031-9422(98)00249-0', 'Casearia sylvestris (Flacourtiaceae)']","['10.1016/S0031-9422(98)00249-0', ['Casearia sylvestris', 'Casearia sylvestris', 'Casearia sylvestris']]",doi_collectionSpecie
"['10.1016/j.bse.2006.06.007', 'Colletotrichum gloeosporioides (Phyllachoraceae)']","['10.1016/j.bse.2006.06.007', ['Colletotrichum gloeosporioides', 'Colletotrichum gloeosporioides']]",doi_collectionSpecie
"['10.1016/j.cbi.2010.08.008', 'Casearia sylvestris (Flacourtiaceae)']","['10.1016/j.cbi.2010.08.008', ['Casearia sylvestris', 'Casearia sylvestris', 'Casearia sylvestris', 'Casearia sylvestris']]",doi_collectionSpecie
"['10.1016/j.chroma.2009.02.066', 'Citrus sinensis (Rutaceae)']","['10.1016/j.chroma.2009.02.066', ['Citrus sinensis grafted on Citrus limonia', 'Citrus sinensis grafted on Citrus limonia', 'Citrus sinensis grafted on Citrus limonia', 'Citrus sinensis grafted on Citrus limonia']]",doi_collectionSpecie
"['10.1016/j.jchromb.2012.07.013', 'Zingiber officinale']","['10.1016/j.jchromb.2012.07.013', ['Zingiber officinale Roscoe', 'Zingiber officinale Roscoe', 'Zingiber officinale Roscoe']]",doi_collectionSpecie
"['10.1016/j.jep.2007.09.020', 'Vitex polygama (Verbenaceae)']","['10.1016/j.jep.2007.09.020', ['Vitex polygama Cham. (Lamiaceae)', 'Vitex polygama Cham. (Lamiaceae)', 'Vitex polygama Cham. (Lamiaceae)', 'Vitex polygama Cham. (Lamiaceae)', 'Vitex polygama Cham. (Lamiaceae)', 'Vitex polygama Cham. (Lamiaceae)', 'Vitex polygama Cham. (Lamiaceae)', 'Vitex polygama Cham. (Lamiaceae)', 'Vitex polygama Cham. (Lamiaceae)']]",doi_collectionSpecie
"['10.1016/j.phytochem.2004.03.039', 'Cheiloclinium cognatum (Hippocrateaceae)']","['10.1016/j.phytochem.2004.03.039', ['Cheiloclinium cognatum (Hippocrateaceae)', 'Cheiloclinium cognatum (Hippocrateaceae)', 'Cheiloclinium cognatum (Hippocrateaceae)', 'Cheiloclinium cognatum (Hippocrateaceae)', 'Cheiloclinium cognatum (Hippocrateaceae)', 'Cheiloclinium cognatum (Hippocrateaceae)', 'Cheiloclinium cognatum (Hippocrateaceae)', 'Cheiloclinium cognatum (Hippocrateaceae)', 'Cheiloclinium cognatum (Hippocrateaceae)']]",doi_collectionSpecie
"['10.1016/j.phytochem.2006.06.004', 'Phomopsis cassiae (Valsaceae)']","['10.1016/j.phytochem.2006.06.004', ['Phomopsis cassiae', 'Phomopsis cassiae', 'Phomopsis cassiae', 'Phomopsis cassiae', 'Phomopsis cassiae']]",doi_collectionSpecie
"['10.1016/j.phytochem.2008.01.006', 'Pterogyne nitens (Fabaceae)']","['10.1016/j.phytochem.2008.01.006', ['Pterogyne nitens (Fabaceae)', 'Pterogyne nitens (Fabaceae)', 'Pterogyne nitens (Fabaceae)', 'Pterogyne nitens (Fabaceae)', 'Pterogyne nitens (Fabaceae)', 'Pterogyne nitens (Fabaceae)', 'Pterogyne nitens (Fabaceae)']]",doi_collectionSpecie
"['10.1016/j.phytol.2010.11.003', 'Xylaria sp. (Xylariaceae)']","['10.1016/j.phytol.2010.11.003', ['Xylaria sp.', 'Penicillium sp.', 'Penicillium sp.']]",doi_collectionSpecie
"['10.1021/jf60217a066', 'Croton zehntneri (Euphorbiaceae)']","['10.1021/jf60217a066', ['Croton aff. zehntneri (Euphorbiaceae)', 'Croton aff. zehntneri (Euphorbiaceae)', 'Croton aff. zehntneri (Euphorbiaceae)', 'Croton aff. zehntneri (Euphorbiaceae)', 'Croton aff. zehntneri (Euphorbiaceae)']]",doi_collectionSpecie
"['10.1021/np030100t', 'Arrabidaea samydoides (Bignoniaceae)']","['10.1021/np030100t', ['Arrabidaea samydoides', 'Arrabidaea samydoides', 'Arrabidaea samydoides', 'Arrabidaea samydoides', 'Arrabidaea samydoides', 'Arrabidaea samydoides']]",doi_collectionSpecie
"['10.1021/np0303963', 'Cassia spectabilis (Fabaceae)']","['10.1021/np0303963', ['Cassia spectabilis', 'Cassia spectabilis', 'Cassia spectabilis', 'Cassia spectabilis']]",doi_collectionSpecie
"['10.1021/np070312g', 'Senna spectabilis (Fabaceae)']","['10.1021/np070312g', ['Senna spectabilis', 'Senna spectabilis', 'Senna spectabilis']]",doi_collectionSpecie
"['10.1021/np1007476', 'Chimarrhis turbinata (Rubiaceae)']","['10.1021/np1007476', ['Chimarrhis turbinata DC Prodr. (Rubiaceae)', 'Chimarrhis turbinata DC Prodr. (Rubiaceae)', 'Chimarrhis turbinata DC Prodr. (Rubiaceae)']]",doi_collectionSpecie
"['10.1021/np500453x', 'Metrodorea stipularis']","['10.1021/np500453x', ['Metrodorea stipularis', 'Metrodorea stipularis', 'Metrodorea stipularis', 'Metrodorea stipularis']]",doi_collectionSpecie
"['10.1021/np50086a012', 'Angostura paniculata (Rutaceae)']","['10.1021/np50086a012', ['Angostura paniculata (Rutaceae)', 'Angostura paniculata (Rutaceae)']]",doi_collectionSpecie
"['10.1021/np800106x', 'Stemodia foliosa (Scrophulariaceae)']","['10.1021/np800106x', ['Stemodia foliosa', 'Stemodia foliosa', 'Stemodia foliosa']]",doi_collectionSpecie
"['10.1021/np800612x', 'Pterogyne nitens (Fabaceae)']","['10.1021/np800612x', ['Pterogyne nitens', 'Pterogyne nitens', 'Pterogyne nitens', 'Pterogyne nitens', 'Pterogyne nitens']]",doi_collectionSpecie
"['10.1021/np9004079', 'Casearia obliqua (Flacourtiaceae)']","['10.1021/np9004079', ['Casearia obliqua', 'Casearia obliqua', 'Casearia obliqua', 'Casearia obliqua', 'Casearia obliqua']]",doi_collectionSpecie
"['10.1055/s-0029-1185364', 'Peperomia obtusifolia (Piperaceae)']","['10.1055/s-0029-1185364', ['Peperomia obtusifolia', 'Peperomia obtusifolia', 'Peperomia obtusifolia', 'Peperomia obtusifolia', 'Peperomia obtusifolia', 'Peperomia obtusifolia', 'Peperomia obtusifolia']]",doi_collectionSpecie
"['10.1055/s-0034-1368301', 'Nigrospora sphaerica']","['10.1055/s-0034-1368301', ['Papulaspora immersa (Chaetomiaceae)', 'Nigrospora sphaerica (Trichosphaeriaceae)']]",doi_collectionSpecie
"['10.1080/14786410412331271979', 'Styrax camporum (Styracaceae)']","['10.1080/14786410412331271979', ['Styrax camporum (Styracaceae)', 'Styrax camporum (Styracaceae)', 'Styrax camporum (Styracaceae)']]",doi_collectionSpecie
"['10.1093/mutage/gep034', 'Casearia sylvestris (Flacourtiaceae)']","['10.1093/mutage/gep034', ['Casearia sylvestris Swartz (Salicaceae)', 'Casearia sylvestris Swartz (Salicaceae)']]",doi_collectionSpecie
"['10.1155/2013/835081', 'Streptomyces sp.']","['10.1155/2013/835081', ['Streptomyces sp. TD025', 'Streptomyces sp. TD025']]",doi_collectionSpecie
"['10.1248/bpb.31.538', 'Piper aduncum (Piperaceae)']","['10.1248/bpb.31.538', ['Piper gaudichaudianum', 'Piper aduncum', 'Piper aduncum', 'Piper aduncum', 'Piper aduncum']]",doi_collectionSpecie
"['10.1515/znc-2002-5-602', 'Tephrosia candida']","['10.1515/znc-2002-5-602', ['Tephrosia candida', 'Tephrosia candida', 'Tephrosia candida']]",doi_collectionSpecie
"['10.1515/znc-2008-5-611', 'Vitex polygama (Verbenaceae)']","['10.1515/znc-2008-5-611', ['Siphoneugena densiflora O. Berg', 'Siphoneugena densiflora O. Berg', 'Siphoneugena densiflora O. Berg', 'Siphoneugena densiflora O. Berg', 'Siphoneugena densiflora O. Berg', 'Siphoneugena densiflora O. Berg', 'Siphoneugena densiflora O. Berg', 'Siphoneugena densiflora O. Berg', 'Siphoneugena densiflora O. Berg', 'Siphoneugena densiflora O. Berg', 'Siphoneugena densiflora O. Berg', 'Siphoneugena densiflora O. Berg', 'Siphoneugena densiflora O. Berg', 'Vitex polygama Cham.', 'Vitex polygama Cham.', 'Vitex polygama Cham.', 'Vitex polygama Cham.', 'Vitex polygama Cham.', 'Vitex polygama Cham.', 'Vitex polygama Cham.', 'Vitex polygama Cham.', 'Vitex polygama Cham.', 'Vitex polygama Cham.', 'Vitex polygama Cham.', 'Vitex polygama Cham.', 'Vitex polygama Cham.', 'Vitex polygama Cham.']]",doi_collectionSpecie
"['10.1515/znc-2011-5-607', 'Carapa guianensis']","['10.1515/znc-2011-5-607', ['Cabralea canjerana (Meliaceae)', 'Cabralea canjerana (Meliaceae)', 'Cabralea canjerana (Meliaceae)', 'Cabralea canjerana (Meliaceae)', 'Carapa guianensis (Meliaceae)', 'Carapa guianensis (Meliaceae)']]",doi_collectionSpecie
"['10.1590/S0100-40421998000600005', 'Himatanthus sucuuba (Apocynaceae)']","['10.1590/S0100-40421998000600005', ['Himatanthus sucuuba (Spruce) Woodson', 'Himatanthus sucuuba (Spruce) Woodson', 'Himatanthus sucuuba (Spruce) Woodson', 'Himatanthus sucuuba (Spruce) Woodson', 'Himatanthus sucuuba (Spruce) Woodson']]",doi_collectionSpecie
"['10.1590/S0100-40422005000400009', 'Tocoyena brasiliensis (Rubiaceae)']","['10.1590/S0100-40422005000400009', ['Tocoyena brasiliensis Mart. (Rubiaceae)', 'Tocoyena brasiliensis Mart. (Rubiaceae)', 'Tocoyena brasiliensis Mart. (Rubiaceae)', 'Tocoyena brasiliensis Mart. (Rubiaceae)', 'Tocoyena brasiliensis Mart. (Rubiaceae)']]",doi_collectionSpecie
"['10.1590/S0100-40422006000300016', 'Chrysophyllum marginatum (Sapotaceae)']","['10.1590/S0100-40422006000300016', ['Chrysophyllum marginatum (Sapotaceae)', 'Chrysophyllum marginatum (Sapotaceae)', 'Chrysophyllum marginatum (Sapotaceae)', 'Chrysophyllum marginatum (Sapotaceae)', 'Chrysophyllum marginatum (Sapotaceae)', 'Chrysophyllum marginatum (Sapotaceae)']]",doi_collectionSpecie
"['10.1590/S0100-40422008000400018', 'Pterogyne nitens (Fabaceae)']","['10.1590/S0100-40422008000400018', ['Pterogyne nitens', 'Pterogyne nitens', 'Pterogyne nitens', 'Pterogyne nitens', 'Pterogyne nitens', 'Pterogyne nitens', 'Pterogyne nitens', 'Pterogyne nitens', 'Pterogyne nitens', 'Pterogyne nitens', 'Pterogyne nitens']]",doi_collectionSpecie
"['10.1590/S0100-40422010000900005', 'Trichilia claussenii (Meliaceae)']","['10.1590/S0100-40422010000900005', ['Trichilia claussenii (Meliaceae)']]",doi_collectionSpecie
"['10.1590/S0100-46702007000300002', 'Michelia champaca (Magnoliaceae)']","['10.1590/S0100-46702007000300002', ['Michelia champaca L. (Magnoliaceae)', 'Michelia champaca L. (Magnoliaceae)', 'Michelia champaca L. (Magnoliaceae)', 'Michelia champaca L. (Magnoliaceae)', 'Michelia champaca L. (Magnoliaceae)']]",doi_collectionSpecie
"['10.1590/S0102-695X2009000100002', 'Cedrela fruticosa (Meliaceae), Neoraputia magnifica (Rutaceae), Neoraputia alba (Rutaceae)']","['10.1590/S0102-695X2009000100002', ['Cipadessa fruticosa', 'Cipadessa fruticosa', 'Cipadessa fruticosa']]",doi_collectionSpecie
"['10.1590/S0102-695X2010000100002', 'Rapanea lancifolia (Myrsinaceae)']","['10.1590/S0102-695X2010000100002', ['Rapanea lancifolia (Myrsinaceae)', 'Rapanea lancifolia (Myrsinaceae)', 'Cipadessa fruticosa (Meliaceae)', 'Cipadessa fruticosa (Meliaceae)', 'Cipadessa fruticosa (Meliaceae)', 'Cipadessa fruticosa (Meliaceae)', 'Cipadessa fruticosa (Meliaceae)', 'Cipadessa fruticosa (Meliaceae)']]",doi_collectionSpecie
"['10.1590/S0102-695X2010005000017', 'Pterogyne nitens (Fabaceae)']","['10.1590/S0102-695X2010005000017', ['Pterogyne nitens Tul., Fabaceae', 'Pterogyne nitens Tul., Fabaceae', 'Pterogyne nitens Tul., Fabaceae', 'Pterogyne nitens Tul., Fabaceae']]",doi_collectionSpecie
"['10.1590/S0103-50532005000400005', 'Nectandra grandiflora (Lauraceae)']","['10.1590/S0103-50532005000400005', ['Nectandra grandiflora', 'Nectandra grandiflora', 'Nectandra grandiflora', 'Nectandra grandiflora', 'Nectandra grandiflora', 'Nectandra grandiflora']]",doi_collectionSpecie
"['10.1590/S0103-50532005000800018', 'Pothomorphe umbellata (Piperaceae)']","['10.1590/S0103-50532005000800018', ['Potomorphe umbellata']]",doi_collectionSpecie
"['10.1590/S0103-50532005000800025', 'Raulinoa echinata (Rutaceae)']","['10.1590/S0103-50532005000800025', ['Raulinoa echinata', 'Raulinoa echinata', 'Raulinoa echinata', 'Raulinoa echinata']]",doi_collectionSpecie
"['10.1590/S0103-50532005000800029', 'Phomopsis cassiae (Valsaceae)']","['10.1590/S0103-50532005000800029', ['Phomopsis cassiae', 'Phomopsis cassiae', 'Phomopsis cassiae']]",doi_collectionSpecie
"['10.1590/S0103-50532009000100029', 'Phomopsis sp. (Valsaceae)']","['10.1590/S0103-50532009000100029', ['Phomopsis sp. from Viguiera arenaria', 'Piper solmsianum and Virola surinamensis']]",doi_collectionSpecie
"['10.1590/S0103-50532009000400008', 'Swinglea glutinosa']","['10.1590/S0103-50532009000400008', ['Swinglea glutinosa (Bl.) Merr.', 'Swinglea glutinosa (Bl.) Merr.', 'Swinglea glutinosa (Bl.) Merr.']]",doi_collectionSpecie
"['10.1590/s0100-40422008000700015', 'Chaetomium globosum']","['10.1590/s0100-40422008000700015', ['Chaetomium globosum', 'Chaetomium globosum', 'Chaetomium globosum']]",doi_collectionSpecie
"['10.5935/0103-5053.19930018', 'Neoraputia alba (Rutaceae)']","['10.5935/0103-5053.19930018', []]",doi_collectionSpecie
"['10.5935/0103-5053.19960024', 'Tocoyena formosa (Rubiaceae)']","['10.5935/0103-5053.19960024', []]",doi_collectionSpecie
